﻿<?xml version="1.0" encoding="UTF-8" standalone="yes"?>
<addon id="service.subtitles.finesub" name="finesub" version="1.0.0" provider-name="zengyuan">
  <requires>
    <import addon="xbmc.python" version="2.1.0"/>
    <import addon="script.module.requests" version="1.1.0"/>
    <import addon="script.module.beautifulsoup4" version="4.3.2"/>
  </requires>
  <extension point="xbmc.subtitle.module" library="service.py" />
  <extension point="xbmc.addon.metadata">
    <summary lang="en">better zimuku subtitle</summary>
    <summary lang="zh">更好的字幕库</summary>
    <description lang="en">Search and download subtitles from www.zimuku.cn</description>
    <description lang="zh">从 www.zimuku.cn 下载字幕</description>
  </extension>
</addon>
